index,expected_intent,text,conversation_id,guest_id,ok,actual_lex_intent,resolved_intent,resolution_source,search_status,current_product_name,current_order_code,duration_ms,message_preview,error
1,ProductSearchIntent,kiếm iphone 16 pro max,conv_lex_smoke_20260614T015449Z,guest_lex_smoke_20260614T015449Z,True,ProductSearchIntent,product_search,local_nlu,product_not_found,,,1618.06,Mình chưa tìm thấy sản phẩm phù hợp. Bạn có thể nhập tên sản phẩm cụ thể hơn không?,
2,ProductSearchIntent,có samsung dòng s không,conv_lex_smoke_20260614T015449Z,guest_lex_smoke_20260614T015449Z,True,ProductSearchIntent,product_search,local_nlu,success,,,350.82,Sản phẩm phù hợp  Mình tìm thấy một số sản phẩm phù hợp: - Samsung Galaxy S26 Plus: 25.990.000 VNĐ - Ưu đãi: Chưa có chương trình khuyến mãi - Samsung Galaxy S26 Ultra: 32.990.000 VNĐ - Ưu đãi: Chưa có chương trình khuyến mãi - Samsung Gala,
3,ProductSearchIntent,tìm điện thoại dưới 15 triệu,conv_lex_smoke_20260614T015449Z,guest_lex_smoke_20260614T015449Z,True,ProductSearchIntent,product_search,local_nlu,success,,,577.05,Sản phẩm phù hợp  Mình tìm thấy một số sản phẩm phù hợp: - iPhone 11: 6.990.000 VNĐ - Ưu đãi: Chưa có chương trình khuyến mãi - iPhone 12: 8.490.000 VNĐ - Ưu đãi: Chưa có chương trình khuyến mãi - iPhone 14: 12.990.000 VNĐ - Ưu đãi: Chưa có,
4,ProductSearchIntent,cho xem máy oppo mới nhất,conv_lex_smoke_20260614T015449Z,guest_lex_smoke_20260614T015449Z,True,ProductSearchIntent,product_search,local_nlu,success,OPPO Find X8 Pro,,460.46,"Sản phẩm phù hợp  Mình tìm thấy một số sản phẩm phù hợp: - OPPO Find X8 Pro: 22.990.000 VNĐ - Ưu đãi: Chưa có chương trình khuyến mãi {""richContent"": [[{""type"": ""image"", ""rawUrl"": ""https://www.oppo.com/content/dam/oppo/common/mkt/v2-2/find-",
5,ProductSearchIntent,shop bán xiaomi nào ngon,conv_lex_smoke_20260614T015449Z,guest_lex_smoke_20260614T015449Z,True,ProductSearchIntent,product_search,local_nlu,success,,,571.24,Sản phẩm phù hợp  Mình tìm thấy một số sản phẩm phù hợp: - iPhone 17: 22.990.000 VNĐ - Ưu đãi: Chưa có chương trình khuyến mãi - iPhone 15: 15.990.000 VNĐ - Ưu đãi: Chưa có chương trình khuyến mãi - Samsung Galaxy S26 Plus: 25.990.000 VNĐ -,
6,ProductSearchIntent,còn điện thoại nào tầm 10 củ không,conv_lex_smoke_20260614T015449Z,guest_lex_smoke_20260614T015449Z,True,ProductSearchIntent,product_search,local_nlu,success,,,355.27,"Sản phẩm phù hợp  Mình tìm thấy một số sản phẩm phù hợp: - iPhone 11: 6.990.000 VNĐ - Ưu đãi: Chưa có chương trình khuyến mãi - iPhone 12: 8.490.000 VNĐ - Ưu đãi: Chưa có chương trình khuyến mãi {""richContent"": [[{""type"": ""image"", ""rawUrl"":",
7,ProductPriceIntent,iphone 16 giá nhiêu,conv_lex_smoke_20260614T015449Z,guest_lex_smoke_20260614T015449Z,True,ProductPriceIntent,product_price,local_nlu,success,iPhone 16,,470.79,"### iPhone 16  ![iPhone 16](https://fdn2.gsmarena.com/vv/pics/apple/apple-iphone-16-1.jpg)  **Giá từ:** 19.990.000 VNĐ **Khuyến mãi:** Chưa có chương trình khuyến mãi **Size:** 128GB / Black, 128GB / Ultramarine, 128GB / White, 256GB / Blac",
8,ProductPriceIntent,giá con samsung s25 ultra,conv_lex_smoke_20260614T015449Z,guest_lex_smoke_20260614T015449Z,True,ProductPriceIntent,product_price,local_nlu,success,Samsung Galaxy S26 Ultra,,689.99,"### Samsung Galaxy S26 Ultra  ![Samsung Galaxy S26 Ultra](https://fdn2.gsmarena.com/vv/pics/samsung/samsung-galaxy-s26-ultra-1.jpg)  **Giá từ:** 32.990.000 VNĐ **Khuyến mãi:** Chưa có chương trình khuyến mãi **Size:** 1TB / Titanium Black, ",
9,ProductPriceIntent,bản 512gb của iphone 16 pro max bao nhiêu,conv_lex_smoke_20260614T015449Z,guest_lex_smoke_20260614T015449Z,True,ProductPriceIntent,product_price,local_nlu,product_not_found,Samsung Galaxy S26 Ultra,,472.18,Mình chưa tìm thấy sản phẩm phù hợp. Bạn có thể nhập tên sản phẩm cụ thể hơn không?,
10,ProductPriceIntent,máy này giá sao,conv_lex_smoke_20260614T015449Z,guest_lex_smoke_20260614T015449Z,True,ProductPriceIntent,product_price,local_nlu,success,Samsung Galaxy S26 Ultra,,544.3,"### Samsung Galaxy S26 Ultra  ![Samsung Galaxy S26 Ultra](https://fdn2.gsmarena.com/vv/pics/samsung/samsung-galaxy-s26-ultra-1.jpg)  **Giá từ:** 32.990.000 VNĐ **Khuyến mãi:** Chưa có chương trình khuyến mãi **Size:** 1TB / Titanium Black, ",
11,ProductPriceIntent,báo giá giúp mình,conv_lex_smoke_20260614T015449Z,guest_lex_smoke_20260614T015449Z,True,ProductPriceIntent,product_price,local_nlu,success,Samsung Galaxy S26 Ultra,,456.13,"### Samsung Galaxy S26 Ultra  ![Samsung Galaxy S26 Ultra](https://fdn2.gsmarena.com/vv/pics/samsung/samsung-galaxy-s26-ultra-1.jpg)  **Giá từ:** 32.990.000 VNĐ **Khuyến mãi:** Chưa có chương trình khuyến mãi **Size:** 1TB / Titanium Black, ",
12,ProductAvailabilityIntent,còn hàng iphone 16 không,conv_lex_smoke_20260614T015449Z,guest_lex_smoke_20260614T015449Z,True,ProductAvailabilityIntent,product_availability,local_nlu,success,iPhone 16,,404.63,"iPhone 16 hiện đang có hàng trên hệ thống với 6 phiên bản (128GB / Black, 128GB / White, 128GB / Ultramarine, 256GB / Black, 256GB / White, 256GB / Ultramarine). Bạn có thể vào trang sản phẩm để chọn màu và dung lượng cụ thể.",
13,ProductAvailabilityIntent,còn màu đen không,conv_lex_smoke_20260614T015449Z,guest_lex_smoke_20260614T015449Z,True,ProductAvailabilityIntent,product_availability,local_nlu,success,iPhone 16,,704.3,"iPhone 16 hiện đang có hàng trên hệ thống với 6 phiên bản (128GB / Black, 128GB / White, 128GB / Ultramarine, 256GB / Black, 256GB / White, 256GB / Ultramarine). Bạn có thể vào trang sản phẩm để chọn màu và dung lượng cụ thể.",
14,ProductAvailabilityIntent,máy này hết hàng chưa,conv_lex_smoke_20260614T015449Z,guest_lex_smoke_20260614T015449Z,True,ProductAvailabilityIntent,product_availability,local_nlu,success,iPhone 16,,544.66,"iPhone 16 hiện đang có hàng trên hệ thống với 6 phiên bản (128GB / Black, 128GB / White, 128GB / Ultramarine, 256GB / Black, 256GB / White, 256GB / Ultramarine). Bạn có thể vào trang sản phẩm để chọn màu và dung lượng cụ thể.",
15,ProductAvailabilityIntent,còn bản 256gb không,conv_lex_smoke_20260614T015449Z,guest_lex_smoke_20260614T015449Z,True,ProductAvailabilityIntent,product_availability,local_nlu,product_not_found,iPhone 16,,502.49,Mình chưa tìm thấy sản phẩm phù hợp. Bạn có thể nhập tên sản phẩm cụ thể hơn không?,
16,ProductAvailabilityIntent,có sẵn tại shop không,conv_lex_smoke_20260614T015449Z,guest_lex_smoke_20260614T015449Z,True,ProductAvailabilityIntent,product_availability,local_nlu,product_not_found,,,471.75,Mình chưa tìm thấy sản phẩm phù hợp. Bạn có thể nhập tên sản phẩm cụ thể hơn không?,
17,ProductRecommendationIntent,tư vấn cho mình điện thoại chơi game,conv_lex_smoke_20260614T015449Z,guest_lex_smoke_20260614T015449Z,True,ProductRecommendationIntent,product_recommendation,local_nlu,recommendation_success,,,439.92,"Gợi ý sản phẩm  Dựa trên nhu cầu của bạn, mình gợi ý các sản phẩm này: - iPhone 11: 6.990.000 VNĐ - Ưu đãi: Chưa có chương trình khuyến mãi - iPhone 16: 19.990.000 VNĐ - Ưu đãi: Chưa có chương trình khuyến mãi - iPhone 17: 22.990.000 VNĐ - ",
18,ProductRecommendationIntent,mua máy dưới 12 triệu nên chọn gì,conv_lex_smoke_20260614T015449Z,guest_lex_smoke_20260614T015449Z,True,ProductRecommendationIntent,product_recommendation,local_nlu,recommendation_success,,,473.7,"Gợi ý sản phẩm  Dựa trên nhu cầu của bạn, mình gợi ý các sản phẩm này: - iPhone 11: 6.990.000 VNĐ - Ưu đãi: Chưa có chương trình khuyến mãi - iPhone 12: 8.490.000 VNĐ - Ưu đãi: Chưa có chương trình khuyến mãi - iPhone 13: 10.490.000 VNĐ - Ư",
19,ProductRecommendationIntent,cần điện thoại pin khỏe,conv_lex_smoke_20260614T015449Z,guest_lex_smoke_20260614T015449Z,True,ProductRecommendationIntent,product_recommendation,local_nlu,recommendation_success,,,389.67,"Gợi ý sản phẩm  Dựa trên nhu cầu của bạn, mình gợi ý các sản phẩm này: - iPhone 17: 22.990.000 VNĐ - Ưu đãi: Chưa có chương trình khuyến mãi - iPhone 15: 15.990.000 VNĐ - Ưu đãi: Chưa có chương trình khuyến mãi - Samsung Galaxy S26 Plus: 25",
20,ProductRecommendationIntent,gợi ý điện thoại chụp ảnh đẹp,conv_lex_smoke_20260614T015449Z,guest_lex_smoke_20260614T015449Z,True,ProductRecommendationIntent,product_recommendation,local_nlu,recommendation_success,,,801.92,"Gợi ý sản phẩm  Dựa trên nhu cầu của bạn, mình gợi ý các sản phẩm này: - iPhone 16: 19.990.000 VNĐ - Ưu đãi: Chưa có chương trình khuyến mãi - iPhone 17: 22.990.000 VNĐ - Ưu đãi: Chưa có chương trình khuyến mãi - iPhone 11: 6.990.000 VNĐ - ",
21,ProductRecommendationIntent,sinh viên nên mua máy nào,conv_lex_smoke_20260614T015449Z,guest_lex_smoke_20260614T015449Z,True,ProductRecommendationIntent,product_recommendation,local_nlu,recommendation_success,,,413.72,"Gợi ý sản phẩm  Dựa trên nhu cầu của bạn, mình gợi ý các sản phẩm này: - iPhone 17: 22.990.000 VNĐ - Ưu đãi: Chưa có chương trình khuyến mãi - iPhone 15: 15.990.000 VNĐ - Ưu đãi: Chưa có chương trình khuyến mãi - Samsung Galaxy S26 Plus: 25",
22,ProductCompareIntent,iphone 16 với s25 cái nào ngon hơn,conv_lex_smoke_20260614T015449Z,guest_lex_smoke_20260614T015449Z,True,ProductCompareIntent,product_compare,local_nlu,product_not_found,,,313.02,Mình chưa tìm thấy sản phẩm phù hợp. Bạn có thể nhập tên sản phẩm cụ thể hơn không?,
23,ProductCompareIntent,nên chọn xiaomi hay samsung,conv_lex_smoke_20260614T015449Z,guest_lex_smoke_20260614T015449Z,True,ProductCompareIntent,product_compare,local_nlu,product_not_found,,,463.86,Mình chưa tìm thấy sản phẩm phù hợp. Bạn có thể nhập tên sản phẩm cụ thể hơn không?,
24,ProductCompareIntent,so sánh giúp mình 2 máy này,conv_lex_smoke_20260614T015449Z,guest_lex_smoke_20260614T015449Z,True,ProductCompareIntent,product_compare,local_nlu,product_not_found,,,212.15,Mình chưa tìm thấy sản phẩm phù hợp. Bạn có thể nhập tên sản phẩm cụ thể hơn không?,
25,ProductCompareIntent,con nào đáng tiền hơn,conv_lex_smoke_20260614T015449Z,guest_lex_smoke_20260614T015449Z,True,ProductCompareIntent,product_compare,local_nlu,product_not_found,,,225.63,Mình chưa tìm thấy sản phẩm phù hợp. Bạn có thể nhập tên sản phẩm cụ thể hơn không?,
26,ProductCompareIntent,khác nhau chỗ nào,conv_lex_smoke_20260614T015449Z,guest_lex_smoke_20260614T015449Z,True,ProductCompareIntent,product_compare,local_nlu,product_not_found,,,866.64,Mình chưa tìm thấy sản phẩm phù hợp. Bạn có thể nhập tên sản phẩm cụ thể hơn không?,
27,ProductSpecIntent,cấu hình máy này thế nào,conv_lex_smoke_20260614T015449Z,guest_lex_smoke_20260614T015449Z,True,ProductSpecIntent,product_spec,local_nlu,product_spec,,,469.42,"Gợi ý sản phẩm  Dựa trên nhu cầu của bạn, mình gợi ý các sản phẩm này: - iPhone 17: 22.990.000 VNĐ - Ưu đãi: Chưa có chương trình khuyến mãi - iPhone 15: 15.990.000 VNĐ - Ưu đãi: Chưa có chương trình khuyến mãi - Samsung Galaxy S26 Plus: 25",
28,ProductSpecIntent,ram bao nhiêu vậy,conv_lex_smoke_20260614T015449Z,guest_lex_smoke_20260614T015449Z,True,ProductSpecIntent,product_spec,local_nlu,product_spec,,,369.13,"Gợi ý sản phẩm  Dựa trên nhu cầu của bạn, mình gợi ý các sản phẩm này: - iPhone 17: 22.990.000 VNĐ - Ưu đãi: Chưa có chương trình khuyến mãi - iPhone 15: 15.990.000 VNĐ - Ưu đãi: Chưa có chương trình khuyến mãi - Samsung Galaxy S26 Plus: 25",
29,ProductSpecIntent,dùng chip gì,conv_lex_smoke_20260614T015449Z,guest_lex_smoke_20260614T015449Z,True,ProductSpecIntent,product_spec,local_nlu,product_spec,,,418.49,"Gợi ý sản phẩm  Dựa trên nhu cầu của bạn, mình gợi ý các sản phẩm này: - iPhone 17: 22.990.000 VNĐ - Ưu đãi: Chưa có chương trình khuyến mãi - iPhone 15: 15.990.000 VNĐ - Ưu đãi: Chưa có chương trình khuyến mãi - Samsung Galaxy S26 Plus: 25",
30,ProductSpecIntent,màn hình bao nhiêu hz,conv_lex_smoke_20260614T015449Z,guest_lex_smoke_20260614T015449Z,True,ProductSpecIntent,product_spec,local_nlu,product_spec,,,412.96,"Gợi ý sản phẩm  Dựa trên nhu cầu của bạn, mình gợi ý các sản phẩm này: - iPhone 17: 22.990.000 VNĐ - Ưu đãi: Chưa có chương trình khuyến mãi - iPhone 15: 15.990.000 VNĐ - Ưu đãi: Chưa có chương trình khuyến mãi - Samsung Galaxy S26 Plus: 25",
31,ProductSpecIntent,có hỗ trợ esim không,conv_lex_smoke_20260614T015449Z,guest_lex_smoke_20260614T015449Z,True,ProductSpecIntent,product_spec,local_nlu,product_spec,,,684.17,"Gợi ý sản phẩm  Dựa trên nhu cầu của bạn, mình gợi ý các sản phẩm này: - iPhone Air: 27.990.000 VNĐ - Ưu đãi: Chưa có chương trình khuyến mãi - iPhone 14: 12.990.000 VNĐ - Ưu đãi: Chưa có chương trình khuyến mãi {""richContent"": [[{""type"": """,
32,ProductCameraIntent,camera có đẹp không,conv_lex_smoke_20260614T015449Z,guest_lex_smoke_20260614T015449Z,True,ProductCameraIntent,product_camera,local_nlu,product_camera,,,326.34,"Gợi ý sản phẩm  Dựa trên nhu cầu của bạn, mình gợi ý các sản phẩm này: - iPhone 17: 22.990.000 VNĐ - Ưu đãi: Chưa có chương trình khuyến mãi - iPhone 15: 15.990.000 VNĐ - Ưu đãi: Chưa có chương trình khuyến mãi - Samsung Galaxy S26 Plus: 25",
33,ProductCameraIntent,chụp đêm ổn chứ,conv_lex_smoke_20260614T015449Z,guest_lex_smoke_20260614T015449Z,True,ProductCameraIntent,product_camera,local_nlu,product_camera,,,504.27,"Gợi ý sản phẩm  Dựa trên nhu cầu của bạn, mình gợi ý các sản phẩm này: - iPhone 17: 22.990.000 VNĐ - Ưu đãi: Chưa có chương trình khuyến mãi - iPhone 15: 15.990.000 VNĐ - Ưu đãi: Chưa có chương trình khuyến mãi - Samsung Galaxy S26 Plus: 25",
34,ProductCameraIntent,quay video có rung không,conv_lex_smoke_20260614T015449Z,guest_lex_smoke_20260614T015449Z,True,ProductCameraIntent,product_camera,local_nlu,product_camera,,,465.75,"Gợi ý sản phẩm  Dựa trên nhu cầu của bạn, mình gợi ý các sản phẩm này: - iPhone 17: 22.990.000 VNĐ - Ưu đãi: Chưa có chương trình khuyến mãi - iPhone 15: 15.990.000 VNĐ - Ưu đãi: Chưa có chương trình khuyến mãi - Samsung Galaxy S26 Plus: 25",
35,ProductCameraIntent,máy nào selfie đẹp,conv_lex_smoke_20260614T015449Z,guest_lex_smoke_20260614T015449Z,True,ProductCameraIntent,product_camera,local_nlu,product_camera,,,425.72,"Gợi ý sản phẩm  Dựa trên nhu cầu của bạn, mình gợi ý các sản phẩm này: - iPhone 17: 22.990.000 VNĐ - Ưu đãi: Chưa có chương trình khuyến mãi - iPhone 15: 15.990.000 VNĐ - Ưu đãi: Chưa có chương trình khuyến mãi - Samsung Galaxy S26 Plus: 25",
36,ProductCameraIntent,chụp chân dung ngon không,conv_lex_smoke_20260614T015449Z,guest_lex_smoke_20260614T015449Z,True,ProductCameraIntent,product_camera,local_nlu,product_camera,,,377.1,"Gợi ý sản phẩm  Dựa trên nhu cầu của bạn, mình gợi ý các sản phẩm này: - iPhone 17: 22.990.000 VNĐ - Ưu đãi: Chưa có chương trình khuyến mãi - iPhone 15: 15.990.000 VNĐ - Ưu đãi: Chưa có chương trình khuyến mãi - Samsung Galaxy S26 Plus: 25",
37,ProductBatteryIntent,pin dùng được mấy tiếng,conv_lex_smoke_20260614T015449Z,guest_lex_smoke_20260614T015449Z,True,ProductBatteryIntent,product_battery,local_nlu,product_battery,,,454.1,"Gợi ý sản phẩm  Dựa trên nhu cầu của bạn, mình gợi ý các sản phẩm này: - iPhone 17: 22.990.000 VNĐ - Ưu đãi: Chưa có chương trình khuyến mãi - iPhone 15: 15.990.000 VNĐ - Ưu đãi: Chưa có chương trình khuyến mãi - Samsung Galaxy S26 Plus: 25",
38,ProductBatteryIntent,pin có trâu không,conv_lex_smoke_20260614T015449Z,guest_lex_smoke_20260614T015449Z,True,ProductBatteryIntent,product_battery,local_nlu,product_battery,,,378.41,"Gợi ý sản phẩm  Dựa trên nhu cầu của bạn, mình gợi ý các sản phẩm này: - iPhone 17: 22.990.000 VNĐ - Ưu đãi: Chưa có chương trình khuyến mãi - iPhone 15: 15.990.000 VNĐ - Ưu đãi: Chưa có chương trình khuyến mãi - Samsung Galaxy S26 Plus: 25",
39,ProductBatteryIntent,sạc đầy mất bao lâu,conv_lex_smoke_20260614T015449Z,guest_lex_smoke_20260614T015449Z,True,ProductBatteryIntent,product_battery,local_nlu,product_battery,,,389.92,"Gợi ý sản phẩm  Dựa trên nhu cầu của bạn, mình gợi ý các sản phẩm này: - iPhone 17: 22.990.000 VNĐ - Ưu đãi: Chưa có chương trình khuyến mãi - iPhone 15: 15.990.000 VNĐ - Ưu đãi: Chưa có chương trình khuyến mãi - Samsung Galaxy S26 Plus: 25",
40,ProductBatteryIntent,hỗ trợ sạc nhanh bao nhiêu w,conv_lex_smoke_20260614T015449Z,guest_lex_smoke_20260614T015449Z,True,ProductBatteryIntent,product_battery,local_nlu,product_battery,,,471.85,"Gợi ý sản phẩm  Dựa trên nhu cầu của bạn, mình gợi ý các sản phẩm này: - iPhone 17: 22.990.000 VNĐ - Ưu đãi: Chưa có chương trình khuyến mãi - iPhone 15: 15.990.000 VNĐ - Ưu đãi: Chưa có chương trình khuyến mãi - Samsung Galaxy S26 Plus: 25",
41,ProductBatteryIntent,dùng cả ngày nổi không,conv_lex_smoke_20260614T015449Z,guest_lex_smoke_20260614T015449Z,True,ProductBatteryIntent,product_battery,local_nlu,product_battery,,,392.38,"Gợi ý sản phẩm  Dựa trên nhu cầu của bạn, mình gợi ý các sản phẩm này: - iPhone 17: 22.990.000 VNĐ - Ưu đãi: Chưa có chương trình khuyến mãi - iPhone 15: 15.990.000 VNĐ - Ưu đãi: Chưa có chương trình khuyến mãi - Samsung Galaxy S26 Plus: 25",
42,ProductGamingIntent,chơi liên quân mượt không,conv_lex_smoke_20260614T015449Z,guest_lex_smoke_20260614T015449Z,True,ProductGamingIntent,product_gaming,local_nlu,product_gaming,,,342.2,"Gợi ý sản phẩm  Dựa trên nhu cầu của bạn, mình gợi ý các sản phẩm này: - iPhone 17: 22.990.000 VNĐ - Ưu đãi: Chưa có chương trình khuyến mãi - iPhone 15: 15.990.000 VNĐ - Ưu đãi: Chưa có chương trình khuyến mãi - Samsung Galaxy S26 Plus: 25",
43,ProductGamingIntent,chiến pubg max setting được không,conv_lex_smoke_20260614T015449Z,guest_lex_smoke_20260614T015449Z,True,ProductGamingIntent,product_gaming,local_nlu,product_gaming,,,449.71,"Gợi ý sản phẩm  Dựa trên nhu cầu của bạn, mình gợi ý các sản phẩm này: - iPhone 17: 22.990.000 VNĐ - Ưu đãi: Chưa có chương trình khuyến mãi - iPhone 15: 15.990.000 VNĐ - Ưu đãi: Chưa có chương trình khuyến mãi - Samsung Galaxy S26 Plus: 25",
44,ProductGamingIntent,máy nào gaming ngon,conv_lex_smoke_20260614T015449Z,guest_lex_smoke_20260614T015449Z,True,ProductGamingIntent,product_gaming,local_nlu,product_gaming,,,458.24,"Gợi ý sản phẩm  Dựa trên nhu cầu của bạn, mình gợi ý các sản phẩm này: - iPhone 17: 22.990.000 VNĐ - Ưu đãi: Chưa có chương trình khuyến mãi - iPhone 15: 15.990.000 VNĐ - Ưu đãi: Chưa có chương trình khuyến mãi - Samsung Galaxy S26 Plus: 25",
45,ProductGamingIntent,chơi genshin ổn không,conv_lex_smoke_20260614T015449Z,guest_lex_smoke_20260614T015449Z,True,ProductGamingIntent,product_gaming,local_nlu,product_gaming,,,1152.57,"Gợi ý sản phẩm  Dựa trên nhu cầu của bạn, mình gợi ý các sản phẩm này: - iPhone 17: 22.990.000 VNĐ - Ưu đãi: Chưa có chương trình khuyến mãi - iPhone 15: 15.990.000 VNĐ - Ưu đãi: Chưa có chương trình khuyến mãi - Samsung Galaxy S26 Plus: 25",
46,ProductGamingIntent,có nóng máy không,conv_lex_smoke_20260614T015449Z,guest_lex_smoke_20260614T015449Z,True,ProductGamingIntent,product_gaming,local_nlu,product_gaming,,,372.51,"Gợi ý sản phẩm  Dựa trên nhu cầu của bạn, mình gợi ý các sản phẩm này: - iPhone 17: 22.990.000 VNĐ - Ưu đãi: Chưa có chương trình khuyến mãi - iPhone 15: 15.990.000 VNĐ - Ưu đãi: Chưa có chương trình khuyến mãi - Samsung Galaxy S26 Plus: 25",
47,PromotionIntent,đang có sale gì không,conv_lex_smoke_20260614T015449Z,guest_lex_smoke_20260614T015449Z,True,PromotionIntent,bonus,local_nlu,promotion_codes_available,,,263.83,"Các mã khuyến mãi hiện có gồm WELCOME10, ANDROID15, PHONE500K, FREESHIP và PREORDER17. Bạn có thể hỏi chi tiết từng mã, ví dụ: mã FREESHIP dùng được không?",
48,PromotionIntent,hôm nay có ưu đãi gì,conv_lex_smoke_20260614T015449Z,guest_lex_smoke_20260614T015449Z,True,PromotionIntent,bonus,local_nlu,promotion_codes_available,,,1204.31,"Các mã khuyến mãi hiện có gồm WELCOME10, ANDROID15, PHONE500K, FREESHIP và PREORDER17. Bạn có thể hỏi chi tiết từng mã, ví dụ: mã FREESHIP dùng được không?",
49,PromotionIntent,áp được mã giảm giá không,conv_lex_smoke_20260614T015449Z,guest_lex_smoke_20260614T015449Z,True,PromotionIntent,bonus,local_nlu,promotion_codes_available,,,286.08,"Các mã khuyến mãi hiện có gồm WELCOME10, ANDROID15, PHONE500K, FREESHIP và PREORDER17. Bạn có thể hỏi chi tiết từng mã, ví dụ: mã FREESHIP dùng được không?",
50,PromotionIntent,có tặng quà kèm không,conv_lex_smoke_20260614T015449Z,guest_lex_smoke_20260614T015449Z,True,PromotionIntent,bonus,local_nlu,promotion_not_found,tặng quà kèm,,829.63,Hiện mình chưa thấy chương trình khuyến mãi áp dụng cho tặng quà kèm. Bạn vẫn có thể hỏi mình giá từng sản phẩm cụ thể nhé.,
51,PromotionIntent,máy này có khuyến mãi không,conv_lex_smoke_20260614T015449Z,guest_lex_smoke_20260614T015449Z,True,PromotionIntent,bonus,local_nlu,promotion_not_found,tặng quà kèm,,617.31,Hiện mình chưa thấy chương trình khuyến mãi áp dụng cho tặng quà kèm. Bạn vẫn có thể hỏi mình giá từng sản phẩm cụ thể nhé.,
52,InstallmentIntent,trả góp được không,conv_lex_smoke_20260614T015449Z,guest_lex_smoke_20260614T015449Z,True,InstallmentIntent,installment,local_nlu,payment_installment_policy,,,359.34,Shop hỗ trợ các phương thức thanh toán: - COD khi nhận hàng. - Chuyển khoản ngân hàng. - Ví điện tử/Momo/VNPAY nếu checkout đang bật cổng thanh toán tương ứng. - Thẻ tín dụng và trả góp tuỳ chương trình tại thời điểm đặt hàng. Bạn có thể th,
53,InstallmentIntent,góp 12 tháng được chứ,conv_lex_smoke_20260614T015449Z,guest_lex_smoke_20260614T015449Z,True,InstallmentIntent,installment,local_nlu,payment_installment_policy,,,239.03,Shop hỗ trợ các phương thức thanh toán: - COD khi nhận hàng. - Chuyển khoản ngân hàng. - Ví điện tử/Momo/VNPAY nếu checkout đang bật cổng thanh toán tương ứng. - Thẻ tín dụng và trả góp tuỳ chương trình tại thời điểm đặt hàng. Bạn có thể th,
54,InstallmentIntent,cần trả trước bao nhiêu,conv_lex_smoke_20260614T015449Z,guest_lex_smoke_20260614T015449Z,True,InstallmentIntent,installment,local_nlu,payment_installment_policy,cần trả trước,,282.52,Shop hỗ trợ các phương thức thanh toán với cần trả trước: - COD khi nhận hàng. - Chuyển khoản ngân hàng. - Ví điện tử/Momo/VNPAY nếu checkout đang bật cổng thanh toán tương ứng. - Thẻ tín dụng và trả góp tuỳ chương trình tại thời điểm đặt h,
55,InstallmentIntent,có 0 phần trăm không,conv_lex_smoke_20260614T015449Z,guest_lex_smoke_20260614T015449Z,True,InstallmentIntent,installment,local_nlu,payment_installment_policy,,,321.59,Shop hỗ trợ các phương thức thanh toán: - COD khi nhận hàng. - Chuyển khoản ngân hàng. - Ví điện tử/Momo/VNPAY nếu checkout đang bật cổng thanh toán tương ứng. - Thẻ tín dụng và trả góp tuỳ chương trình tại thời điểm đặt hàng. Bạn có thể th,
56,InstallmentIntent,trả góp qua thẻ tín dụng nha,conv_lex_smoke_20260614T015449Z,guest_lex_smoke_20260614T015449Z,True,InstallmentIntent,installment,local_nlu,payment_installment_policy,,,1151.83,Shop hỗ trợ các phương thức thanh toán: - COD khi nhận hàng. - Chuyển khoản ngân hàng. - Ví điện tử/Momo/VNPAY nếu checkout đang bật cổng thanh toán tương ứng. - Thẻ tín dụng và trả góp tuỳ chương trình tại thời điểm đặt hàng. Bạn có thể th,
57,PaymentMethodIntent,nhận chuyển khoản không,conv_lex_smoke_20260614T015449Z,guest_lex_smoke_20260614T015449Z,True,PaymentMethodIntent,payment_method,local_nlu,payment_installment_policy,,,243.17,Shop hỗ trợ các phương thức thanh toán: - COD khi nhận hàng. - Chuyển khoản ngân hàng. - Ví điện tử/Momo/VNPAY nếu checkout đang bật cổng thanh toán tương ứng. - Thẻ tín dụng và trả góp tuỳ chương trình tại thời điểm đặt hàng. Bạn có thể th,
58,PaymentMethodIntent,có thanh toán momo không,conv_lex_smoke_20260614T015449Z,guest_lex_smoke_20260614T015449Z,True,PaymentMethodIntent,payment_method,local_nlu,payment_installment_policy,,,206.15,Shop hỗ trợ các phương thức thanh toán: - COD khi nhận hàng. - Chuyển khoản ngân hàng. - Ví điện tử/Momo/VNPAY nếu checkout đang bật cổng thanh toán tương ứng. - Thẻ tín dụng và trả góp tuỳ chương trình tại thời điểm đặt hàng. Bạn có thể th,
59,PaymentMethodIntent,quẹt thẻ được không,conv_lex_smoke_20260614T015449Z,guest_lex_smoke_20260614T015449Z,True,PaymentMethodIntent,payment_method,local_nlu,payment_installment_policy,,,1055.37,Shop hỗ trợ các phương thức thanh toán: - COD khi nhận hàng. - Chuyển khoản ngân hàng. - Ví điện tử/Momo/VNPAY nếu checkout đang bật cổng thanh toán tương ứng. - Thẻ tín dụng và trả góp tuỳ chương trình tại thời điểm đặt hàng. Bạn có thể th,
60,PaymentMethodIntent,cod được chứ,conv_lex_smoke_20260614T015449Z,guest_lex_smoke_20260614T015449Z,True,PaymentMethodIntent,payment_method,local_nlu,payment_installment_policy,,,262.99,Shop hỗ trợ các phương thức thanh toán: - COD khi nhận hàng. - Chuyển khoản ngân hàng. - Ví điện tử/Momo/VNPAY nếu checkout đang bật cổng thanh toán tương ứng. - Thẻ tín dụng và trả góp tuỳ chương trình tại thời điểm đặt hàng. Bạn có thể th,
61,PaymentMethodIntent,thanh toán bằng vnpay được không,conv_lex_smoke_20260614T015449Z,guest_lex_smoke_20260614T015449Z,True,PaymentMethodIntent,payment_method,local_nlu,payment_installment_policy,,,231.02,Shop hỗ trợ các phương thức thanh toán: - COD khi nhận hàng. - Chuyển khoản ngân hàng. - Ví điện tử/Momo/VNPAY nếu checkout đang bật cổng thanh toán tương ứng. - Thẻ tín dụng và trả góp tuỳ chương trình tại thời điểm đặt hàng. Bạn có thể th,
62,CartAddItemIntent,thêm iphone 16 vào giỏ,conv_lex_smoke_20260614T015449Z,guest_lex_smoke_20260614T015449Z,True,CartAddItemIntent,cart_add_item,local_nlu,cart_checkout_guidance,thêm iphone 16 v o giỏ,,599.11,"Để đặt sản phẩm thêm iphone 16 v o giỏ, bạn mở trang sản phẩm trên website, chọn màu/dung lượng, thêm vào giỏ rồi thanh toán. Hiện bot chưa tự thay đổi giỏ hàng thay bạn để tránh đặt nhầm sản phẩm hoặc phiên bản.",
63,CartAddItemIntent,mua luôn 2 cái,conv_lex_smoke_20260614T015449Z,guest_lex_smoke_20260614T015449Z,True,CartAddItemIntent,cart_add_item,local_nlu,cart_checkout_guidance,thêm iphone 16 v o giỏ,,241.45,"Để đặt sản phẩm thêm iphone 16 v o giỏ, bạn mở trang sản phẩm trên website, chọn màu/dung lượng, thêm vào giỏ rồi thanh toán. Hiện bot chưa tự thay đổi giỏ hàng thay bạn để tránh đặt nhầm sản phẩm hoặc phiên bản.",
64,CartAddItemIntent,cho mình đặt 1 máy,conv_lex_smoke_20260614T015449Z,guest_lex_smoke_20260614T015449Z,True,CartAddItemIntent,cart_add_item,local_nlu,cart_checkout_guidance,,,1339.68,"Để đặt sản phẩm bạn muốn mua, bạn mở trang sản phẩm trên website, chọn màu/dung lượng, thêm vào giỏ rồi thanh toán. Hiện bot chưa tự thay đổi giỏ hàng thay bạn để tránh đặt nhầm sản phẩm hoặc phiên bản.",
65,CartAddItemIntent,bỏ sản phẩm này vào giỏ,conv_lex_smoke_20260614T015449Z,guest_lex_smoke_20260614T015449Z,True,CartAddItemIntent,cart_add_item,local_nlu,cart_checkout_guidance,thêm iphone 16 v o giỏ,,229.58,"Để đặt sản phẩm thêm iphone 16 v o giỏ, bạn mở trang sản phẩm trên website, chọn màu/dung lượng, thêm vào giỏ rồi thanh toán. Hiện bot chưa tự thay đổi giỏ hàng thay bạn để tránh đặt nhầm sản phẩm hoặc phiên bản.",
66,CartAddItemIntent,lấy con này luôn,conv_lex_smoke_20260614T015449Z,guest_lex_smoke_20260614T015449Z,True,CartAddItemIntent,cart_add_item,local_nlu,cart_checkout_guidance,thêm iphone 16 v o giỏ,,315.38,"Để đặt sản phẩm thêm iphone 16 v o giỏ, bạn mở trang sản phẩm trên website, chọn màu/dung lượng, thêm vào giỏ rồi thanh toán. Hiện bot chưa tự thay đổi giỏ hàng thay bạn để tránh đặt nhầm sản phẩm hoặc phiên bản.",
67,CartViewIntent,mở giỏ hàng,conv_lex_smoke_20260614T015449Z,guest_lex_smoke_20260614T015449Z,True,CartViewIntent,cart_view,local_nlu,cart_checkout_guidance,,,525.88,"Bạn có thể xem giỏ hàng trực tiếp trên website. Nếu đang đăng nhập, giỏ hàng sẽ giữ các sản phẩm bạn đã chọn.",
68,CartViewIntent,xem giỏ giúp mình,conv_lex_smoke_20260614T015449Z,guest_lex_smoke_20260614T015449Z,True,CartViewIntent,cart_view,local_nlu,cart_checkout_guidance,,,286.19,"Bạn có thể xem giỏ hàng trực tiếp trên website. Nếu đang đăng nhập, giỏ hàng sẽ giữ các sản phẩm bạn đã chọn.",
69,CartViewIntent,trong giỏ còn gì,conv_lex_smoke_20260614T015449Z,guest_lex_smoke_20260614T015449Z,True,CartViewIntent,cart_view,local_nlu,cart_checkout_guidance,,,877.72,"Bạn có thể xem giỏ hàng trực tiếp trên website. Nếu đang đăng nhập, giỏ hàng sẽ giữ các sản phẩm bạn đã chọn.",
70,CartViewIntent,tôi đang mua gì vậy,conv_lex_smoke_20260614T015449Z,guest_lex_smoke_20260614T015449Z,True,CartViewIntent,cart_view,local_nlu,cart_checkout_guidance,thêm iphone 16 v o giỏ,,236.65,"Bạn có thể xem giỏ hàng trực tiếp trên website. Nếu đang đăng nhập, giỏ hàng sẽ giữ các sản phẩm bạn đã chọn.",
71,CartViewIntent,kiểm tra giỏ,conv_lex_smoke_20260614T015449Z,guest_lex_smoke_20260614T015449Z,True,CartViewIntent,cart_view,local_nlu,cart_checkout_guidance,,,277.62,"Bạn có thể xem giỏ hàng trực tiếp trên website. Nếu đang đăng nhập, giỏ hàng sẽ giữ các sản phẩm bạn đã chọn.",
72,CartUpdateIntent,tăng lên 2 sản phẩm,conv_lex_smoke_20260614T015449Z,guest_lex_smoke_20260614T015449Z,True,CartUpdateIntent,cart_update,local_nlu,cart_checkout_guidance,,,1144.8,Bạn có thể cập nhật số lượng hoặc xoá sản phẩm trong giỏ hàng ở website trước khi thanh toán.,
73,CartUpdateIntent,giảm còn 1 cái,conv_lex_smoke_20260614T015449Z,guest_lex_smoke_20260614T015449Z,True,CartUpdateIntent,cart_update,local_nlu,cart_checkout_guidance,thêm iphone 16 v o giỏ,,294.57,Bạn có thể cập nhật số lượng hoặc xoá sản phẩm trong giỏ hàng ở website trước khi thanh toán.,
74,CartUpdateIntent,bỏ sản phẩm này đi,conv_lex_smoke_20260614T015449Z,guest_lex_smoke_20260614T015449Z,True,CartUpdateIntent,cart_update,local_nlu,cart_checkout_guidance,thêm iphone 16 v o giỏ,,230.44,Bạn có thể cập nhật số lượng hoặc xoá sản phẩm trong giỏ hàng ở website trước khi thanh toán.,
75,CartUpdateIntent,xóa iphone khỏi giỏ,conv_lex_smoke_20260614T015449Z,guest_lex_smoke_20260614T015449Z,True,CartUpdateIntent,cart_update,local_nlu,cart_checkout_guidance,,,1008.13,Bạn có thể cập nhật số lượng hoặc xoá sản phẩm trong giỏ hàng ở website trước khi thanh toán.,
76,CartUpdateIntent,sửa giỏ hàng,conv_lex_smoke_20260614T015449Z,guest_lex_smoke_20260614T015449Z,True,CartUpdateIntent,cart_update,local_nlu,cart_checkout_guidance,,,250.49,Bạn có thể cập nhật số lượng hoặc xoá sản phẩm trong giỏ hàng ở website trước khi thanh toán.,
77,CheckoutStartIntent,thanh toán luôn,conv_lex_smoke_20260614T015449Z,guest_lex_smoke_20260614T015449Z,True,CheckoutStartIntent,checkout_start,local_nlu,cart_checkout_guidance,,,316.6,"Để đặt sản phẩm bạn muốn mua, bạn mở trang sản phẩm trên website, chọn màu/dung lượng, thêm vào giỏ rồi thanh toán. Hiện bot chưa tự thay đổi giỏ hàng thay bạn để tránh đặt nhầm sản phẩm hoặc phiên bản.",
78,CheckoutStartIntent,đặt hàng ngay,conv_lex_smoke_20260614T015449Z,guest_lex_smoke_20260614T015449Z,True,CheckoutStartIntent,checkout_start,local_nlu,cart_checkout_guidance,thêm iphone 16 v o giỏ,,210.15,"Để đặt sản phẩm thêm iphone 16 v o giỏ, bạn mở trang sản phẩm trên website, chọn màu/dung lượng, thêm vào giỏ rồi thanh toán. Hiện bot chưa tự thay đổi giỏ hàng thay bạn để tránh đặt nhầm sản phẩm hoặc phiên bản.",
79,CheckoutStartIntent,mua ngay đi,conv_lex_smoke_20260614T015449Z,guest_lex_smoke_20260614T015449Z,True,CheckoutStartIntent,checkout_start,local_nlu,cart_checkout_guidance,thêm iphone 16 v o giỏ,,618.13,"Để đặt sản phẩm thêm iphone 16 v o giỏ, bạn mở trang sản phẩm trên website, chọn màu/dung lượng, thêm vào giỏ rồi thanh toán. Hiện bot chưa tự thay đổi giỏ hàng thay bạn để tránh đặt nhầm sản phẩm hoặc phiên bản.",
80,CheckoutStartIntent,chốt đơn,conv_lex_smoke_20260614T015449Z,guest_lex_smoke_20260614T015449Z,True,CheckoutStartIntent,checkout_start,local_nlu,cart_checkout_guidance,,,300.71,"Để đặt sản phẩm bạn muốn mua, bạn mở trang sản phẩm trên website, chọn màu/dung lượng, thêm vào giỏ rồi thanh toán. Hiện bot chưa tự thay đổi giỏ hàng thay bạn để tránh đặt nhầm sản phẩm hoặc phiên bản.",
81,CheckoutStartIntent,tiến hành thanh toán,conv_lex_smoke_20260614T015449Z,guest_lex_smoke_20260614T015449Z,True,CheckoutStartIntent,checkout_start,local_nlu,cart_checkout_guidance,,,447.86,"Để đặt sản phẩm bạn muốn mua, bạn mở trang sản phẩm trên website, chọn màu/dung lượng, thêm vào giỏ rồi thanh toán. Hiện bot chưa tự thay đổi giỏ hàng thay bạn để tránh đặt nhầm sản phẩm hoặc phiên bản.",
82,OrderStatusIntent,đơn của mình tới đâu rồi,conv_lex_smoke_20260614T015449Z,guest_lex_smoke_20260614T015449Z,True,OrderStatusIntent,fallback,local_nlu,fallback,,,1297.83,"Mình chưa hiểu rõ yêu cầu của bạn. Bạn có thể hỏi về sản phẩm, giá, ưu đãi, giao hàng hoặc đơn hàng để mình hỗ trợ nhé. Nếu cần gặp người thật, bạn nhập /h.",
83,OrderStatusIntent,hàng giao chưa,conv_lex_smoke_20260614T015449Z,guest_lex_smoke_20260614T015449Z,True,OrderStatusIntent,fallback,local_nlu,fallback,,,210.76,"Mình chưa hiểu rõ yêu cầu của bạn. Bạn có thể hỏi về sản phẩm, giá, ưu đãi, giao hàng hoặc đơn hàng để mình hỗ trợ nhé. Nếu cần gặp người thật, bạn nhập /h.",
84,OrderStatusIntent,check đơn giúp mình,conv_lex_smoke_20260614T015449Z,guest_lex_smoke_20260614T015449Z,True,OrderStatusIntent,fallback,local_nlu,fallback,,,323.97,"Mình chưa hiểu rõ yêu cầu của bạn. Bạn có thể hỏi về sản phẩm, giá, ưu đãi, giao hàng hoặc đơn hàng để mình hỗ trợ nhé. Nếu cần gặp người thật, bạn nhập /h.",
85,OrderStatusIntent,đơn đang xử lý à,conv_lex_smoke_20260614T015449Z,guest_lex_smoke_20260614T015449Z,True,OrderStatusIntent,fallback,local_nlu,fallback,,,1115.75,"Mình chưa hiểu rõ yêu cầu của bạn. Bạn có thể hỏi về sản phẩm, giá, ưu đãi, giao hàng hoặc đơn hàng để mình hỗ trợ nhé. Nếu cần gặp người thật, bạn nhập /h.",
86,OrderStatusIntent,bao giờ nhận được hàng,conv_lex_smoke_20260614T015449Z,guest_lex_smoke_20260614T015449Z,True,OrderStatusIntent,fallback,local_nlu,fallback,,,316.34,"Mình chưa hiểu rõ yêu cầu của bạn. Bạn có thể hỏi về sản phẩm, giá, ưu đãi, giao hàng hoặc đơn hàng để mình hỗ trợ nhé. Nếu cần gặp người thật, bạn nhập /h.",
87,OrderDetailIntent,xem chi tiết đơn này,conv_lex_smoke_20260614T015449Z,guest_lex_smoke_20260614T015449Z,True,OrderDetailIntent,order_detail,local_nlu,missing_order_code,,,489.4,Bạn vui lòng cung cấp mã đơn hàng (ví dụ: mã số trên email) để mình kiểm tra tình trạng giúp bạn nhé.,
88,OrderDetailIntent,đơn này gồm gì vậy,conv_lex_smoke_20260614T015449Z,guest_lex_smoke_20260614T015449Z,True,OrderDetailIntent,order_detail,local_nlu,missing_order_code,,,257.18,Bạn vui lòng cung cấp mã đơn hàng (ví dụ: mã số trên email) để mình kiểm tra tình trạng giúp bạn nhé.,
89,OrderDetailIntent,tổng tiền bao nhiêu,conv_lex_smoke_20260614T015449Z,guest_lex_smoke_20260614T015449Z,True,OrderDetailIntent,order_detail,local_nlu,missing_order_code,,,276.69,Bạn vui lòng cung cấp mã đơn hàng (ví dụ: mã số trên email) để mình kiểm tra tình trạng giúp bạn nhé.,
90,OrderDetailIntent,tôi mua những gì,conv_lex_smoke_20260614T015449Z,guest_lex_smoke_20260614T015449Z,True,OrderDetailIntent,order_detail,local_nlu,missing_order_code,,,553.13,Bạn vui lòng cung cấp mã đơn hàng (ví dụ: mã số trên email) để mình kiểm tra tình trạng giúp bạn nhé.,
91,OrderDetailIntent,xem thông tin đơn,conv_lex_smoke_20260614T015449Z,guest_lex_smoke_20260614T015449Z,True,OrderDetailIntent,order_detail,local_nlu,missing_order_code,,,291.36,Bạn vui lòng cung cấp mã đơn hàng (ví dụ: mã số trên email) để mình kiểm tra tình trạng giúp bạn nhé.,
92,OrderHistoryIntent,xem các đơn cũ,conv_lex_smoke_20260614T015449Z,guest_lex_smoke_20260614T015449Z,True,OrderHistoryIntent,order_history,local_nlu,authentication_required,,,591.07,Bạn cần đăng nhập trước khi tra cứu thông tin đơn hàng. Mình chỉ có thể trả lời thông tin sản phẩm công khai khi chưa đăng nhập.,
93,OrderHistoryIntent,lịch sử mua hàng,conv_lex_smoke_20260614T015449Z,guest_lex_smoke_20260614T015449Z,True,OrderHistoryIntent,order_history,local_nlu,authentication_required,,,238.72,Bạn cần đăng nhập trước khi tra cứu thông tin đơn hàng. Mình chỉ có thể trả lời thông tin sản phẩm công khai khi chưa đăng nhập.,
94,OrderHistoryIntent,những đơn đã đặt,conv_lex_smoke_20260614T015449Z,guest_lex_smoke_20260614T015449Z,True,OrderHistoryIntent,order_history,local_nlu,authentication_required,,,700.94,Bạn cần đăng nhập trước khi tra cứu thông tin đơn hàng. Mình chỉ có thể trả lời thông tin sản phẩm công khai khi chưa đăng nhập.,
95,OrderHistoryIntent,đơn trước của tôi đâu,conv_lex_smoke_20260614T015449Z,guest_lex_smoke_20260614T015449Z,True,OrderHistoryIntent,order_history,local_nlu,authentication_required,,,242.64,Bạn cần đăng nhập trước khi tra cứu thông tin đơn hàng. Mình chỉ có thể trả lời thông tin sản phẩm công khai khi chưa đăng nhập.,
96,OrderHistoryIntent,xem đơn gần đây,conv_lex_smoke_20260614T015449Z,guest_lex_smoke_20260614T015449Z,True,OrderHistoryIntent,order_history,local_nlu,authentication_required,,,1218.47,Bạn cần đăng nhập trước khi tra cứu thông tin đơn hàng. Mình chỉ có thể trả lời thông tin sản phẩm công khai khi chưa đăng nhập.,
97,OrderCancelIntent,hủy đơn giúp mình,conv_lex_smoke_20260614T015449Z,guest_lex_smoke_20260614T015449Z,True,OrderCancelIntent,order_cancel,local_nlu,aftercare_handoff,,,243.11,Mình sẽ chuyển nhân viên để kiểm tra điều kiện huỷ đơn. Các yêu cầu này cần xác minh đơn hàng/tài khoản nên bot chưa tự xử lý trực tiếp. Bạn nhập /h hoặc để lại số điện thoại để shop liên hệ.,
98,OrderCancelIntent,mình không lấy nữa,conv_lex_smoke_20260614T015449Z,guest_lex_smoke_20260614T015449Z,True,OrderCancelIntent,order_cancel,local_nlu,aftercare_handoff,,,223.68,Mình sẽ chuyển nhân viên để kiểm tra điều kiện huỷ đơn. Các yêu cầu này cần xác minh đơn hàng/tài khoản nên bot chưa tự xử lý trực tiếp. Bạn nhập /h hoặc để lại số điện thoại để shop liên hệ.,
99,OrderCancelIntent,dừng đơn này đi,conv_lex_smoke_20260614T015449Z,guest_lex_smoke_20260614T015449Z,True,OrderCancelIntent,order_cancel,local_nlu,aftercare_handoff,,,926.31,Mình sẽ chuyển nhân viên để kiểm tra điều kiện huỷ đơn. Các yêu cầu này cần xác minh đơn hàng/tài khoản nên bot chưa tự xử lý trực tiếp. Bạn nhập /h hoặc để lại số điện thoại để shop liên hệ.,
100,OrderCancelIntent,hủy đơn hàng nha,conv_lex_smoke_20260614T015449Z,guest_lex_smoke_20260614T015449Z,True,OrderCancelIntent,order_cancel,local_nlu,aftercare_handoff,,,531.62,Mình sẽ chuyển nhân viên để kiểm tra điều kiện huỷ đơn. Các yêu cầu này cần xác minh đơn hàng/tài khoản nên bot chưa tự xử lý trực tiếp. Bạn nhập /h hoặc để lại số điện thoại để shop liên hệ.,
101,OrderCancelIntent,cancel đơn,conv_lex_smoke_20260614T015449Z,guest_lex_smoke_20260614T015449Z,True,OrderCancelIntent,order_cancel,local_nlu,aftercare_handoff,,,314.9,Mình sẽ chuyển nhân viên để kiểm tra điều kiện huỷ đơn. Các yêu cầu này cần xác minh đơn hàng/tài khoản nên bot chưa tự xử lý trực tiếp. Bạn nhập /h hoặc để lại số điện thoại để shop liên hệ.,
102,OrderModifyIntent,đổi địa chỉ nhận hàng,conv_lex_smoke_20260614T015449Z,guest_lex_smoke_20260614T015449Z,True,OrderModifyIntent,order_modify,local_nlu,aftercare_handoff,,,219.92,Mình sẽ chuyển nhân viên để kiểm tra khả năng sửa thông tin đơn. Các yêu cầu này cần xác minh đơn hàng/tài khoản nên bot chưa tự xử lý trực tiếp. Bạn nhập /h hoặc để lại số điện thoại để shop liên hệ.,
103,OrderModifyIntent,sửa số điện thoại,conv_lex_smoke_20260614T015449Z,guest_lex_smoke_20260614T015449Z,True,OrderModifyIntent,order_modify,local_nlu,aftercare_handoff,,,291.36,Mình sẽ chuyển nhân viên để kiểm tra khả năng sửa thông tin đơn. Các yêu cầu này cần xác minh đơn hàng/tài khoản nên bot chưa tự xử lý trực tiếp. Bạn nhập /h hoặc để lại số điện thoại để shop liên hệ.,
104,OrderModifyIntent,đổi người nhận,conv_lex_smoke_20260614T015449Z,guest_lex_smoke_20260614T015449Z,True,OrderModifyIntent,order_modify,local_nlu,aftercare_handoff,,,550.15,Mình sẽ chuyển nhân viên để kiểm tra khả năng sửa thông tin đơn. Các yêu cầu này cần xác minh đơn hàng/tài khoản nên bot chưa tự xử lý trực tiếp. Bạn nhập /h hoặc để lại số điện thoại để shop liên hệ.,
105,OrderModifyIntent,chỉnh lại đơn hàng,conv_lex_smoke_20260614T015449Z,guest_lex_smoke_20260614T015449Z,True,OrderModifyIntent,order_modify,local_nlu,aftercare_handoff,,,820.95,Mình sẽ chuyển nhân viên để kiểm tra khả năng sửa thông tin đơn. Các yêu cầu này cần xác minh đơn hàng/tài khoản nên bot chưa tự xử lý trực tiếp. Bạn nhập /h hoặc để lại số điện thoại để shop liên hệ.,
106,OrderModifyIntent,thay đổi thông tin giao hàng,conv_lex_smoke_20260614T015449Z,guest_lex_smoke_20260614T015449Z,True,OrderModifyIntent,order_modify,local_nlu,aftercare_handoff,,,197.01,Mình sẽ chuyển nhân viên để kiểm tra khả năng sửa thông tin đơn. Các yêu cầu này cần xác minh đơn hàng/tài khoản nên bot chưa tự xử lý trực tiếp. Bạn nhập /h hoặc để lại số điện thoại để shop liên hệ.,
107,ShippingPolicyIntent,ship bao nhiêu tiền,conv_lex_smoke_20260614T015449Z,guest_lex_smoke_20260614T015449Z,True,ShippingPolicyIntent,shipping_policy,local_nlu,shipping_policy,,,224.9,"Chính sách giao hàng của shop: - Giao hàng tiêu chuẩn: 2-3 ngày, phí 50.000 VNĐ. - Giao nhanh: trong ngày hoặc trong 24 giờ, phí 120.000 VNĐ. - Mã FREESHIP có thể miễn hoặc giảm phí vận chuyển nếu đơn đủ điều kiện. - Shop hỗ trợ giao hàng t",
108,ShippingPolicyIntent,giao tới hà nội mất mấy ngày,conv_lex_smoke_20260614T015449Z,guest_lex_smoke_20260614T015449Z,True,ShippingPolicyIntent,shipping_policy,local_nlu,shipping_policy,,,1263.65,"Chính sách giao hàng của shop: - Giao hàng tiêu chuẩn: 2-3 ngày, phí 50.000 VNĐ. - Giao nhanh: trong ngày hoặc trong 24 giờ, phí 120.000 VNĐ. - Mã FREESHIP có thể miễn hoặc giảm phí vận chuyển nếu đơn đủ điều kiện. - Shop hỗ trợ giao hàng t",
109,ShippingPolicyIntent,có giao toàn quốc không,conv_lex_smoke_20260614T015449Z,guest_lex_smoke_20260614T015449Z,True,ShippingPolicyIntent,shipping_policy,local_nlu,shipping_policy,,,282.76,"Chính sách giao hàng của shop: - Giao hàng tiêu chuẩn: 2-3 ngày, phí 50.000 VNĐ. - Giao nhanh: trong ngày hoặc trong 24 giờ, phí 120.000 VNĐ. - Mã FREESHIP có thể miễn hoặc giảm phí vận chuyển nếu đơn đủ điều kiện. - Shop hỗ trợ giao hàng t",
110,ShippingPolicyIntent,thời gian giao hàng thế nào,conv_lex_smoke_20260614T015449Z,guest_lex_smoke_20260614T015449Z,True,ShippingPolicyIntent,shipping_policy,local_nlu,shipping_policy,,,257.21,"Chính sách giao hàng của shop: - Giao hàng tiêu chuẩn: 2-3 ngày, phí 50.000 VNĐ. - Giao nhanh: trong ngày hoặc trong 24 giờ, phí 120.000 VNĐ. - Mã FREESHIP có thể miễn hoặc giảm phí vận chuyển nếu đơn đủ điều kiện. - Shop hỗ trợ giao hàng t",
111,ShippingPolicyIntent,ship nhanh được không,conv_lex_smoke_20260614T015449Z,guest_lex_smoke_20260614T015449Z,True,ShippingPolicyIntent,shipping_policy,local_nlu,shipping_policy,,,584.5,"Chính sách giao hàng của shop: - Giao hàng tiêu chuẩn: 2-3 ngày, phí 50.000 VNĐ. - Giao nhanh: trong ngày hoặc trong 24 giờ, phí 120.000 VNĐ. - Mã FREESHIP có thể miễn hoặc giảm phí vận chuyển nếu đơn đủ điều kiện. - Shop hỗ trợ giao hàng t",
112,ShippingTrackingIntent,theo dõi đơn hàng,conv_lex_smoke_20260614T015449Z,guest_lex_smoke_20260614T015449Z,True,ShippingTrackingIntent,shipping_tracking,local_nlu,authentication_required,,,245.2,Bạn cần đăng nhập trước khi tra cứu thông tin đơn hàng. Mình chỉ có thể trả lời thông tin sản phẩm công khai khi chưa đăng nhập.,
113,ShippingTrackingIntent,tra vận đơn giúp mình,conv_lex_smoke_20260614T015449Z,guest_lex_smoke_20260614T015449Z,True,ShippingTrackingIntent,shipping_tracking,local_nlu,authentication_required,,,1206.41,Bạn cần đăng nhập trước khi tra cứu thông tin đơn hàng. Mình chỉ có thể trả lời thông tin sản phẩm công khai khi chưa đăng nhập.,
114,ShippingTrackingIntent,hàng đang ở đâu,conv_lex_smoke_20260614T015449Z,guest_lex_smoke_20260614T015449Z,True,ShippingTrackingIntent,fallback,local_nlu,fallback,,,209.64,"Mình chưa hiểu rõ yêu cầu của bạn. Bạn có thể hỏi về sản phẩm, giá, ưu đãi, giao hàng hoặc đơn hàng để mình hỗ trợ nhé. Nếu cần gặp người thật, bạn nhập /h.",
115,ShippingTrackingIntent,shipper giao tới đâu rồi,conv_lex_smoke_20260614T015449Z,guest_lex_smoke_20260614T015449Z,True,ShippingTrackingIntent,fallback,local_nlu,fallback,,,229.6,"Mình chưa hiểu rõ yêu cầu của bạn. Bạn có thể hỏi về sản phẩm, giá, ưu đãi, giao hàng hoặc đơn hàng để mình hỗ trợ nhé. Nếu cần gặp người thật, bạn nhập /h.",
116,ShippingTrackingIntent,check hành trình đơn hàng,conv_lex_smoke_20260614T015449Z,guest_lex_smoke_20260614T015449Z,True,ShippingTrackingIntent,shipping_tracking,local_nlu,authentication_required,,,973.73,Bạn cần đăng nhập trước khi tra cứu thông tin đơn hàng. Mình chỉ có thể trả lời thông tin sản phẩm công khai khi chưa đăng nhập.,
117,ReturnRequestIntent,muốn đổi trả sản phẩm,conv_lex_smoke_20260614T015449Z,guest_lex_smoke_20260614T015449Z,True,ReturnRequestIntent,return_request,local_nlu,aftercare_handoff,,,222.67,Mình sẽ chuyển nhân viên để kiểm tra điều kiện đổi trả. Các yêu cầu này cần xác minh đơn hàng/tài khoản nên bot chưa tự xử lý trực tiếp. Bạn nhập /h hoặc để lại số điện thoại để shop liên hệ.,
118,ReturnRequestIntent,máy lỗi thì đổi sao,conv_lex_smoke_20260614T015449Z,guest_lex_smoke_20260614T015449Z,True,ReturnRequestIntent,return_request,local_nlu,aftercare_handoff,,,306.7,Mình sẽ chuyển nhân viên để kiểm tra điều kiện đổi trả. Các yêu cầu này cần xác minh đơn hàng/tài khoản nên bot chưa tự xử lý trực tiếp. Bạn nhập /h hoặc để lại số điện thoại để shop liên hệ.,
119,ReturnRequestIntent,trả hàng được không,conv_lex_smoke_20260614T015449Z,guest_lex_smoke_20260614T015449Z,True,ReturnRequestIntent,return_request,local_nlu,aftercare_handoff,,,788.04,Mình sẽ chuyển nhân viên để kiểm tra điều kiện đổi trả. Các yêu cầu này cần xác minh đơn hàng/tài khoản nên bot chưa tự xử lý trực tiếp. Bạn nhập /h hoặc để lại số điện thoại để shop liên hệ.,
120,ReturnRequestIntent,chính sách đổi trả thế nào,conv_lex_smoke_20260614T015449Z,guest_lex_smoke_20260614T015449Z,True,ReturnRequestIntent,return_request,local_nlu,aftercare_handoff,,,242.48,Mình sẽ chuyển nhân viên để kiểm tra điều kiện đổi trả. Các yêu cầu này cần xác minh đơn hàng/tài khoản nên bot chưa tự xử lý trực tiếp. Bạn nhập /h hoặc để lại số điện thoại để shop liên hệ.,
121,ReturnRequestIntent,đổi máy mới được chứ,conv_lex_smoke_20260614T015449Z,guest_lex_smoke_20260614T015449Z,True,ReturnRequestIntent,return_request,local_nlu,aftercare_handoff,,,278.41,Mình sẽ chuyển nhân viên để kiểm tra điều kiện đổi trả. Các yêu cầu này cần xác minh đơn hàng/tài khoản nên bot chưa tự xử lý trực tiếp. Bạn nhập /h hoặc để lại số điện thoại để shop liên hệ.,
122,RefundStatusIntent,hoàn tiền tới đâu rồi,conv_lex_smoke_20260614T015449Z,guest_lex_smoke_20260614T015449Z,True,RefundStatusIntent,refund_status,local_nlu,aftercare_handoff,,,1111.98,Mình sẽ chuyển nhân viên để kiểm tra trạng thái hoàn tiền. Các yêu cầu này cần xác minh đơn hàng/tài khoản nên bot chưa tự xử lý trực tiếp. Bạn nhập /h hoặc để lại số điện thoại để shop liên hệ.,
123,RefundStatusIntent,đã refund chưa,conv_lex_smoke_20260614T015449Z,guest_lex_smoke_20260614T015449Z,True,RefundStatusIntent,refund_status,local_nlu,aftercare_handoff,,,242.15,Mình sẽ chuyển nhân viên để kiểm tra trạng thái hoàn tiền. Các yêu cầu này cần xác minh đơn hàng/tài khoản nên bot chưa tự xử lý trực tiếp. Bạn nhập /h hoặc để lại số điện thoại để shop liên hệ.,
124,RefundStatusIntent,khi nào nhận lại tiền,conv_lex_smoke_20260614T015449Z,guest_lex_smoke_20260614T015449Z,True,RefundStatusIntent,refund_status,local_nlu,aftercare_handoff,,,247.2,Mình sẽ chuyển nhân viên để kiểm tra trạng thái hoàn tiền. Các yêu cầu này cần xác minh đơn hàng/tài khoản nên bot chưa tự xử lý trực tiếp. Bạn nhập /h hoặc để lại số điện thoại để shop liên hệ.,
125,RefundStatusIntent,tiền hoàn về tài khoản chưa,conv_lex_smoke_20260614T015449Z,guest_lex_smoke_20260614T015449Z,True,RefundStatusIntent,refund_status,local_nlu,aftercare_handoff,,,687.66,Mình sẽ chuyển nhân viên để kiểm tra trạng thái hoàn tiền. Các yêu cầu này cần xác minh đơn hàng/tài khoản nên bot chưa tự xử lý trực tiếp. Bạn nhập /h hoặc để lại số điện thoại để shop liên hệ.,
126,RefundStatusIntent,kiểm tra hoàn tiền,conv_lex_smoke_20260614T015449Z,guest_lex_smoke_20260614T015449Z,True,RefundStatusIntent,refund_status,local_nlu,aftercare_handoff,,,228.26,Mình sẽ chuyển nhân viên để kiểm tra trạng thái hoàn tiền. Các yêu cầu này cần xác minh đơn hàng/tài khoản nên bot chưa tự xử lý trực tiếp. Bạn nhập /h hoặc để lại số điện thoại để shop liên hệ.,
127,WarrantyPolicyIntent,bảo hành mấy tháng,conv_lex_smoke_20260614T015449Z,guest_lex_smoke_20260614T015449Z,True,WarrantyPolicyIntent,warranty_policy,local_nlu,warranty_policy,,,1310.48,"Các điện thoại demo đang được bảo hành 12 tháng. Chính sách đổi trả: - Hỗ trợ đổi trả trong 7 ngày nếu máy lỗi, giao sai màu/phiên bản, hoặc hư hỏng khi vận chuyển. - Máy còn nguyên seal có thể được xem xét đổi trả theo điều kiện của shop. ",
128,WarrantyPolicyIntent,chính sách bảo hành sao,conv_lex_smoke_20260614T015449Z,guest_lex_smoke_20260614T015449Z,True,WarrantyPolicyIntent,warranty_policy,local_nlu,warranty_policy,,,248.73,"Các điện thoại demo đang được bảo hành 12 tháng. Chính sách đổi trả: - Hỗ trợ đổi trả trong 7 ngày nếu máy lỗi, giao sai màu/phiên bản, hoặc hư hỏng khi vận chuyển. - Máy còn nguyên seal có thể được xem xét đổi trả theo điều kiện của shop. ",
129,WarrantyPolicyIntent,lỗi phần cứng xử lý thế nào,conv_lex_smoke_20260614T015449Z,guest_lex_smoke_20260614T015449Z,True,WarrantyPolicyIntent,warranty_policy,local_nlu,warranty_policy,,,723.29,"Các điện thoại demo đang được bảo hành 12 tháng. Chính sách đổi trả: - Hỗ trợ đổi trả trong 7 ngày nếu máy lỗi, giao sai màu/phiên bản, hoặc hư hỏng khi vận chuyển. - Máy còn nguyên seal có thể được xem xét đổi trả theo điều kiện của shop. ",
130,WarrantyPolicyIntent,bảo hành ở đâu,conv_lex_smoke_20260614T015449Z,guest_lex_smoke_20260614T015449Z,True,WarrantyPolicyIntent,warranty_policy,local_nlu,warranty_policy,,,248.57,"Các điện thoại demo đang được bảo hành 12 tháng. Chính sách đổi trả: - Hỗ trợ đổi trả trong 7 ngày nếu máy lỗi, giao sai màu/phiên bản, hoặc hư hỏng khi vận chuyển. - Máy còn nguyên seal có thể được xem xét đổi trả theo điều kiện của shop. ",
131,WarrantyPolicyIntent,được bảo hành chính hãng không,conv_lex_smoke_20260614T015449Z,guest_lex_smoke_20260614T015449Z,True,WarrantyPolicyIntent,warranty_policy,local_nlu,warranty_policy,,,269.78,"Các điện thoại demo đang được bảo hành 12 tháng. Chính sách đổi trả: - Hỗ trợ đổi trả trong 7 ngày nếu máy lỗi, giao sai màu/phiên bản, hoặc hư hỏng khi vận chuyển. - Máy còn nguyên seal có thể được xem xét đổi trả theo điều kiện của shop. ",
132,WarrantyClaimIntent,gửi bảo hành giúp mình,conv_lex_smoke_20260614T015449Z,guest_lex_smoke_20260614T015449Z,True,WarrantyClaimIntent,warranty_claim,local_nlu,aftercare_handoff,,,257.07,Mình sẽ chuyển nhân viên để tiếp nhận yêu cầu bảo hành. Các yêu cầu này cần xác minh đơn hàng/tài khoản nên bot chưa tự xử lý trực tiếp. Bạn nhập /h hoặc để lại số điện thoại để shop liên hệ.,
133,WarrantyClaimIntent,máy bị lỗi rồi,conv_lex_smoke_20260614T015449Z,guest_lex_smoke_20260614T015449Z,True,WarrantyClaimIntent,warranty_claim,local_nlu,aftercare_handoff,,,1261.24,Mình sẽ chuyển nhân viên để tiếp nhận yêu cầu bảo hành. Các yêu cầu này cần xác minh đơn hàng/tài khoản nên bot chưa tự xử lý trực tiếp. Bạn nhập /h hoặc để lại số điện thoại để shop liên hệ.,
134,WarrantyClaimIntent,cần mang đi bảo hành,conv_lex_smoke_20260614T015449Z,guest_lex_smoke_20260614T015449Z,True,WarrantyClaimIntent,warranty_claim,local_nlu,aftercare_handoff,,,307.42,Mình sẽ chuyển nhân viên để tiếp nhận yêu cầu bảo hành. Các yêu cầu này cần xác minh đơn hàng/tài khoản nên bot chưa tự xử lý trực tiếp. Bạn nhập /h hoặc để lại số điện thoại để shop liên hệ.,
135,WarrantyClaimIntent,tạo yêu cầu bảo hành,conv_lex_smoke_20260614T015449Z,guest_lex_smoke_20260614T015449Z,True,WarrantyClaimIntent,warranty_claim,local_nlu,aftercare_handoff,,,257.55,Mình sẽ chuyển nhân viên để tiếp nhận yêu cầu bảo hành. Các yêu cầu này cần xác minh đơn hàng/tài khoản nên bot chưa tự xử lý trực tiếp. Bạn nhập /h hoặc để lại số điện thoại để shop liên hệ.,
136,WarrantyClaimIntent,bảo hành sản phẩm này,conv_lex_smoke_20260614T015449Z,guest_lex_smoke_20260614T015449Z,True,WarrantyClaimIntent,warranty_claim,local_nlu,aftercare_handoff,,,271.28,Mình sẽ chuyển nhân viên để tiếp nhận yêu cầu bảo hành. Các yêu cầu này cần xác minh đơn hàng/tài khoản nên bot chưa tự xử lý trực tiếp. Bạn nhập /h hoặc để lại số điện thoại để shop liên hệ.,
137,ComplaintIntent,mình muốn phản ánh,conv_lex_smoke_20260614T015449Z,guest_lex_smoke_20260614T015449Z,True,ComplaintIntent,complaint,local_nlu,aftercare_handoff,,,660.82,Mình sẽ chuyển nhân viên để ghi nhận khiếu nại. Các yêu cầu này cần xác minh đơn hàng/tài khoản nên bot chưa tự xử lý trực tiếp. Bạn nhập /h hoặc để lại số điện thoại để shop liên hệ.,
138,ComplaintIntent,dịch vụ chán quá,conv_lex_smoke_20260614T015449Z,guest_lex_smoke_20260614T015449Z,True,ComplaintIntent,complaint,local_nlu,aftercare_handoff,,,283.73,Mình sẽ chuyển nhân viên để ghi nhận khiếu nại. Các yêu cầu này cần xác minh đơn hàng/tài khoản nên bot chưa tự xử lý trực tiếp. Bạn nhập /h hoặc để lại số điện thoại để shop liên hệ.,
139,ComplaintIntent,giao hàng lâu vậy,conv_lex_smoke_20260614T015449Z,guest_lex_smoke_20260614T015449Z,True,ComplaintIntent,complaint,local_nlu,aftercare_handoff,,,1082.83,Mình sẽ chuyển nhân viên để ghi nhận khiếu nại. Các yêu cầu này cần xác minh đơn hàng/tài khoản nên bot chưa tự xử lý trực tiếp. Bạn nhập /h hoặc để lại số điện thoại để shop liên hệ.,
140,ComplaintIntent,shop xử lý kiểu gì thế,conv_lex_smoke_20260614T015449Z,guest_lex_smoke_20260614T015449Z,True,ComplaintIntent,complaint,local_nlu,aftercare_handoff,,,280.96,Mình sẽ chuyển nhân viên để ghi nhận khiếu nại. Các yêu cầu này cần xác minh đơn hàng/tài khoản nên bot chưa tự xử lý trực tiếp. Bạn nhập /h hoặc để lại số điện thoại để shop liên hệ.,
141,ComplaintIntent,tôi không hài lòng,conv_lex_smoke_20260614T015449Z,guest_lex_smoke_20260614T015449Z,True,ComplaintIntent,complaint,local_nlu,aftercare_handoff,,,206.54,Mình sẽ chuyển nhân viên để ghi nhận khiếu nại. Các yêu cầu này cần xác minh đơn hàng/tài khoản nên bot chưa tự xử lý trực tiếp. Bạn nhập /h hoặc để lại số điện thoại để shop liên hệ.,
142,GreetingIntent,hi,conv_lex_smoke_20260614T015449Z,guest_lex_smoke_20260614T015449Z,True,GreetingIntent,greeting,local_nlu,aftercare_handoff,,,1032.26,"Xin chào! Mình là Medusan, trợ lý ảo của shop. Mình có thể giúp gì cho bạn hôm nay? (Bạn có thể gõ /h để gặp nhân viên, hoặc /b để gọi lại bot)",
143,GreetingIntent,alo shop,conv_lex_smoke_20260614T015449Z,guest_lex_smoke_20260614T015449Z,True,GreetingIntent,greeting,local_nlu,aftercare_handoff,,,333.17,"Chào bạn, mình là Medusan. Mình có thể hỗ trợ bạn tìm điện thoại hoặc kiểm tra đơn hàng ạ? (Bạn có thể gõ /h để gặp nhân viên, hoặc /b để gọi lại bot)",
144,GreetingIntent,chào shop nha,conv_lex_smoke_20260614T015449Z,guest_lex_smoke_20260614T015449Z,True,GreetingIntent,greeting,local_nlu,aftercare_handoff,,,311.84,"Hi bạn, mình là trợ lý Medusan. Mình có thể hỗ trợ bạn tra giá, kiểm tra tồn kho hoặc trạng thái đơn hàng nhé! (Bạn có thể gõ /h để gặp nhân viên, hoặc /b để gọi lại bot)",
145,GreetingIntent,xin chào bạn,conv_lex_smoke_20260614T015449Z,guest_lex_smoke_20260614T015449Z,True,GreetingIntent,greeting,local_nlu,aftercare_handoff,,,204.56,"Hi bạn, mình là trợ lý Medusan. Mình có thể hỗ trợ bạn tra giá, kiểm tra tồn kho hoặc trạng thái đơn hàng nhé! (Bạn có thể gõ /h để gặp nhân viên, hoặc /b để gọi lại bot)",
146,GreetingIntent,hello shop,conv_lex_smoke_20260614T015449Z,guest_lex_smoke_20260614T015449Z,True,GreetingIntent,greeting,local_nlu,aftercare_handoff,,,493.31,"Chào bạn, mình là Medusan. Mình có thể hỗ trợ bạn tìm điện thoại hoặc kiểm tra đơn hàng ạ? (Bạn có thể gõ /h để gặp nhân viên, hoặc /b để gọi lại bot)",
147,StoreInfoIntent,cửa hàng ở đâu,conv_lex_smoke_20260614T015449Z,guest_lex_smoke_20260614T015449Z,True,StoreInfoIntent,store_info,local_nlu,store_info,,,603.77,"Thông tin cửa hàng: - Website: https://store.itup.id.vn - Hỗ trợ online: 8:00-22:00 hằng ngày. - Bạn có thể đặt hàng trực tiếp trên website hoặc nhắn /h để gặp nhân viên. - Với yêu cầu cần xác minh tài khoản, shop sẽ cần bạn đăng nhập trước",
148,StoreInfoIntent,có chi nhánh nào không,conv_lex_smoke_20260614T015449Z,guest_lex_smoke_20260614T015449Z,True,StoreInfoIntent,store_info,local_nlu,store_info,,,239.63,"Thông tin cửa hàng: - Website: https://store.itup.id.vn - Hỗ trợ online: 8:00-22:00 hằng ngày. - Bạn có thể đặt hàng trực tiếp trên website hoặc nhắn /h để gặp nhân viên. - Với yêu cầu cần xác minh tài khoản, shop sẽ cần bạn đăng nhập trước",
149,StoreInfoIntent,mấy giờ mở cửa,conv_lex_smoke_20260614T015449Z,guest_lex_smoke_20260614T015449Z,True,StoreInfoIntent,store_info,local_nlu,store_info,,,447.49,"Thông tin cửa hàng: - Website: https://store.itup.id.vn - Hỗ trợ online: 8:00-22:00 hằng ngày. - Bạn có thể đặt hàng trực tiếp trên website hoặc nhắn /h để gặp nhân viên. - Với yêu cầu cần xác minh tài khoản, shop sẽ cần bạn đăng nhập trước",
150,StoreInfoIntent,địa chỉ shop là gì,conv_lex_smoke_20260614T015449Z,guest_lex_smoke_20260614T015449Z,True,StoreInfoIntent,store_info,local_nlu,store_info,,,550.58,"Thông tin cửa hàng: - Website: https://store.itup.id.vn - Hỗ trợ online: 8:00-22:00 hằng ngày. - Bạn có thể đặt hàng trực tiếp trên website hoặc nhắn /h để gặp nhân viên. - Với yêu cầu cần xác minh tài khoản, shop sẽ cần bạn đăng nhập trước",
151,StoreInfoIntent,cuối tuần có mở không,conv_lex_smoke_20260614T015449Z,guest_lex_smoke_20260614T015449Z,True,StoreInfoIntent,store_info,local_nlu,store_info,,,431.76,"Thông tin cửa hàng: - Website: https://store.itup.id.vn - Hỗ trợ online: 8:00-22:00 hằng ngày. - Bạn có thể đặt hàng trực tiếp trên website hoặc nhắn /h để gặp nhân viên. - Với yêu cầu cần xác minh tài khoản, shop sẽ cần bạn đăng nhập trước",
152,HumanHandoffIntent,cho gặp nhân viên,conv_lex_smoke_20260614T015449Z,guest_lex_smoke_20260614T015449Z,True,HumanHandoffIntent,human_handover,local_nlu,human_handover,,,675.03,Mình sẽ chuyển bạn sang nhân viên hỗ trợ. Bạn có thể để lại số điện thoại hoặc email để shop liên hệ lại nhé.,
153,HumanHandoffIntent,chuyển mình sang tư vấn viên,conv_lex_smoke_20260614T015449Z,guest_lex_smoke_20260614T015449Z,True,HumanHandoffIntent,human_handover,local_nlu,human_handover,,,260.41,Mình sẽ chuyển bạn sang nhân viên hỗ trợ. Bạn có thể để lại số điện thoại hoặc email để shop liên hệ lại nhé.,
154,HumanHandoffIntent,nói chuyện với người thật,conv_lex_smoke_20260614T015449Z,guest_lex_smoke_20260614T015449Z,True,HumanHandoffIntent,human_handover,local_nlu,human_handover,,,577.49,Mình sẽ chuyển bạn sang nhân viên hỗ trợ. Bạn có thể để lại số điện thoại hoặc email để shop liên hệ lại nhé.,
155,HumanHandoffIntent,cần hỗ trợ trực tiếp,conv_lex_smoke_20260614T015449Z,guest_lex_smoke_20260614T015449Z,True,HumanHandoffIntent,human_handover,local_nlu,human_handover,,,286.79,Mình sẽ chuyển bạn sang nhân viên hỗ trợ. Bạn có thể để lại số điện thoại hoặc email để shop liên hệ lại nhé.,
156,HumanHandoffIntent,gặp CSKH,conv_lex_smoke_20260614T015449Z,guest_lex_smoke_20260614T015449Z,True,HumanHandoffIntent,human_handover,local_nlu,human_handover,,,831.97,Mình sẽ chuyển bạn sang nhân viên hỗ trợ. Bạn có thể để lại số điện thoại hoặc email để shop liên hệ lại nhé.,
157,FallbackIntent,kể chuyện ma đi,conv_lex_smoke_20260614T015449Z,guest_lex_smoke_20260614T015449Z,True,FallbackIntent,fallback,local_nlu,fallback,,,207.72,"Mình chưa hiểu rõ yêu cầu của bạn. Bạn có thể hỏi về sản phẩm, giá, ưu đãi, giao hàng hoặc đơn hàng để mình hỗ trợ nhé. Nếu cần gặp người thật, bạn nhập /h.",
158,FallbackIntent,thời tiết hôm nay thế nào,conv_lex_smoke_20260614T015449Z,guest_lex_smoke_20260614T015449Z,True,FallbackIntent,fallback,local_nlu,fallback,,,252.07,"Mình chưa hiểu rõ yêu cầu của bạn. Bạn có thể hỏi về sản phẩm, giá, ưu đãi, giao hàng hoặc đơn hàng để mình hỗ trợ nhé. Nếu cần gặp người thật, bạn nhập /h.",
159,FallbackIntent,ai là tổng thống mỹ,conv_lex_smoke_20260614T015449Z,guest_lex_smoke_20260614T015449Z,True,FallbackIntent,fallback,local_nlu,fallback,,,1165.91,"Mình chưa hiểu rõ yêu cầu của bạn. Bạn có thể hỏi về sản phẩm, giá, ưu đãi, giao hàng hoặc đơn hàng để mình hỗ trợ nhé. Nếu cần gặp người thật, bạn nhập /h.",
160,FallbackIntent,hướng dẫn nấu bún bò,conv_lex_smoke_20260614T015449Z,guest_lex_smoke_20260614T015449Z,True,FallbackIntent,fallback,local_nlu,fallback,,,279.01,"Mình chưa hiểu rõ yêu cầu của bạn. Bạn có thể hỏi về sản phẩm, giá, ưu đãi, giao hàng hoặc đơn hàng để mình hỗ trợ nhé. Nếu cần gặp người thật, bạn nhập /h.",
161,FallbackIntent,viết code python cho tôi,conv_lex_smoke_20260614T015449Z,guest_lex_smoke_20260614T015449Z,True,FallbackIntent,fallback,local_nlu,fallback,,,231.7,"Mình chưa hiểu rõ yêu cầu của bạn. Bạn có thể hỏi về sản phẩm, giá, ưu đãi, giao hàng hoặc đơn hàng để mình hỗ trợ nhé. Nếu cần gặp người thật, bạn nhập /h.",
